role,chapter,section,article,comment,datetime
Doctor,1,1,1,"I feel this article could be clearer on patient rights; some terms are too technical and might confuse readers who are not familiar with medical regulations.",2024-10-12 14:23:55
Engineer,1,1,2,"From an engineering perspective, this section seems sound, but I think it could benefit from concrete examples of implementation to avoid ambiguity in practical application.",2025-01-08 09:12:34
Student,1,2,3,"I don’t fully understand the implications of this clause; it seems important but some points are overly complicated and need simpler explanation.",2024-12-02 17:45:10
Lawyer,1,2,4,"This clause appears to protect citizens effectively, but I would suggest a small amendment to make enforcement clearer and avoid potential loopholes.",2024-11-15 08:31:50
Researcher,2,1,1,"Based on prior studies and legal research, this draft aligns with existing regulations, though it might need more detailed definitions to cover edge cases.",2025-03-19 12:55:23
Activist,2,1,2,"I’m concerned that this law could lead to unintended consequences for marginalized communities if not implemented carefully.",2025-05-07 19:40:12
Individual,2,1,3,"I like the intent of this article, but in practice, enforcement might be difficult and it could end up creating bureaucratic delays.",2024-10-30 16:05:44
Lawyer,2,2,1,"Factual correction: the word 'shall' should be replaced with 'may' to align with current legal standards and avoid creating unnecessary obligations.",2024-11-21 11:15:30
Student,2,2,2,"This seems unfair to small business owners who might struggle to comply with these new regulations without sufficient support or guidance.",2025-02-10 10:23:50
Doctor,2,2,3,"I’m excited about this clause as it could significantly improve patient safety, but it may require careful oversight to ensure consistent application.",2024-12-18 15:12:11
Engineer,3,1,1,"Not convinced this article will achieve its intended purpose; technically, the requirements might be impossible to implement without additional resources.",2024-10-22 09:42:55
Lawyer,3,1,2,"Legally, this aligns with the constitution, but some wording could be clarified to prevent misinterpretation in courts.",2025-04-02 13:27:40
Student,3,2,1,"This seems too vague and I think it needs more concrete examples; as it stands, it’s difficult to see how it would be applied.",2024-11-03 20:03:12
Activist,3,2,2,"I support the intent behind this section, but enforcement might be problematic and could unintentionally harm the very communities it seeks to help.",2025-01-25 07:48:55
Researcher,3,2,3,"Consider rewording to avoid ambiguity; the current phrasing could be interpreted in multiple ways, which might undermine the law's effectiveness.",2025-06-14 18:55:23
Individual,4,1,1,"It feels like this article favors large corporations over ordinary citizens; I would like to see stronger protections for the smaller stakeholders.",2024-12-12 12:34:44
Doctor,4,1,2,"I support this article wholeheartedly, as it could improve healthcare access for underprivileged groups if implemented properly.",2025-03-11 16:05:10
Lawyer,4,2,1,"Factual observation: this clause mirrors the 2018 amendment, which has been enforced successfully without major issues.",2024-11-29 09:12:33
Student,4,2,2,"I’m worried this could limit citizens’ freedoms; some of the restrictions seem excessive and may need review.",2025-05-22 21:33:50
Engineer,4,2,3,"Seems okay technically, but the language could be simplified to make it more understandable for all stakeholders.",2025-02-18 14:22:11
Activist,5,1,1,"I feel this section could increase bureaucracy and make it harder for ordinary citizens to access the benefits it promises.",2024-10-10 08:55:23
Lawyer,5,1,2,"Legally, this section is strong and defensible, though minor clarifications would make it more robust in a court challenge.",2025-04-09 17:12:44
Student,5,2,1,"Needs more examples to clarify the practical application; otherwise, it might confuse students and young professionals trying to follow the law.",2025-01-02 13:45:32
Individual,5,2,2,"I feel this section is biased against minority groups; the language may unintentionally disadvantage certain communities.",2024-12-28 19:02:11
Researcher,5,2,3,"The intent of this article is clear and enforceable, but further explanation could improve understanding among laypeople.",2025-03-05 11:23:10
Doctor,6,1,1,"I’m concerned this will increase bureaucracy in healthcare delivery and make compliance harder for smaller clinics.",2025-02-15 14:44:55
Engineer,6,1,2,"This is a great initiative, exactly what we needed to improve safety and compliance standards across industries.",2024-10-18 10:32:12
Lawyer,6,2,1,"Factual note: similar wording exists in prior legislation and has been upheld in legal reviews.",2025-06-01 16:11:34
Student,6,2,2,"I find this clause confusing and think it needs rewording to make the expectations clearer for citizens.",2025-01-19 12:45:23
Activist,6,2,3,"I like the direction of this section, but its practical impact is unclear and might not achieve the desired social change.",2024-11-08 09:55:44
Individual,7,1,1,"This article seems redundant with the previous one, and might create unnecessary repetition in the law.",2025-03-14 10:21:55
Doctor,7,1,2,"Legally, there’s nothing wrong here, but clarity could improve how this section is interpreted by practitioners.",2024-12-01 15:33:22
Student,7,2,1,"Not sure this helps citizens effectively; it seems to create more rules than solutions.",2025-05-09 08:55:10
Engineer,7,2,2,"I’m hopeful this will bring positive change if implemented carefully with proper oversight.",2025-01-27 14:42:30
Lawyer,7,2,3,"Factual note: this amendment is consistent with Article 10 of the constitution, ensuring legal compliance.",2025-06-10 09:12:44
Activist,8,1,1,"Seems to favor one group unfairly; I would suggest revisiting the language to ensure equal protection.",2024-11-18 12:11:55
Student,8,1,2,"I support this article because it aligns with the needs of our community.",2025-02-23 16:22:12
Doctor,8,2,1,"Legally correct, but enforcement details are missing; without proper guidelines, it may fail in practice.",2025-03-30 10:33:50
Individual,8,2,2,"This could be problematic in practice; the law seems idealistic but might be hard to implement.",2024-12-14 19:05:33
Engineer,8,2,3,"Feels well-intentioned, but overly complex; simplification would make it more accessible to everyone.",2025-01-09 11:45:22
Lawyer,9,1,1,"I’m not convinced this clause will work as intended; there may be loopholes that need addressing.",2024-10-25 08:12:11
Activist,9,1,2,"Factual note: aligns with federal standards, so legally there’s no conflict, but local implementation may vary.",2025-04-19 12:33:44
Student,9,2,1,"This seems unnecessary; the objectives could be achieved through simpler rules.",2025-05-05 09:44:23
Individual,9,2,2,"I like the approach, it’s innovative and could have a positive impact on society.",2024-11-30 14:55:10
Researcher,9,2,3,"Consider adding more examples for clarity; otherwise, interpretation may differ among practitioners.",2025-06-02 17:12:33
Doctor,10,1,1,"Not sure citizens will benefit; some provisions seem to favor institutions over individuals.",2025-02-11 13:21:55
Engineer,10,1,2,"This section seems fair and achievable from a practical standpoint.",2024-12-20 10:22:44
Lawyer,10,2,1,"Factual observation: wording mirrors international standards, which is positive for compliance.",2025-01-28 15:33:12
Student,10,2,2,"I worry this is too restrictive; flexibility may be needed for real-world application.",2024-11-05 18:42:23
Activist,10,2,3,"Feels okay, but could be simplified to ensure everyone understands their rights.",2025-03-21 12:12:44
Individual,11,1,1,"I feel this article might create unnecessary administrative hurdles; perhaps it could be simplified to help ordinary citizens.",2025-04-03 09:42:11
Doctor,11,1,2,"From a medical standpoint, this clause could improve patient outcomes, but guidance for smaller clinics is needed.",2024-12-15 14:11:22
Engineer,11,2,1,"Technically, this article makes sense, but implementation could require extra resources that are not accounted for.",2025-01-19 16:23:55
Lawyer,11,2,2,"Legally correct, yet I suggest minor amendments to prevent ambiguity in future legal cases.",2025-03-10 11:05:33
Student,11,2,3,"This section is a bit confusing; simpler phrasing and examples would help students understand better.",2024-11-21 19:12:44
Activist,12,1,1,"I support the intent, but without careful implementation, this could negatively affect vulnerable groups.",2025-02-28 10:23:11
Researcher,12,1,2,"Factual note: aligns with previous legislation; adding clarifying examples could improve practical understanding.",2025-05-15 13:33:22
Individual,12,2,1,"Feels like this favors organizations over individuals; stronger safeguards may be needed.",2024-10-17 17:42:55
Doctor,12,2,2,"I like the initiative, but enforcement guidelines are missing; smaller clinics may struggle to comply.",2025-01-04 12:55:10
Engineer,12,2,3,"Practical approach seems fine, though the complexity could make it hard for smaller teams to implement.",2024-12-28 15:12:33
Lawyer,13,1,1,"Factual observation: similar clauses in previous amendments were upheld successfully in court.",2025-03-09 09:22:44
Student,13,1,2,"Not sure this clause is necessary; could be simplified while achieving the same purpose.",2025-06-05 14:42:11
Activist,13,2,1,"I like the direction, but some sections could unintentionally harm citizens if not monitored carefully.",2024-11-12 18:33:55
Individual,13,2,2,"The intent is good, but practical implementation may be tricky; citizens might face confusion.",2025-02-20 09:11:44
Doctor,13,2,3,"Supports better healthcare access, but requires clear oversight for clinics to follow.",2025-01-14 16:42:33
Engineer,14,1,1,"Technically correct, but more specific examples would make this easier to follow in practice.",2024-12-07 11:22:11
Lawyer,14,1,2,"Legally, this is strong; minor rewording could make enforcement easier.",2025-03-25 10:33:22
Student,14,2,1,"Some points are confusing; practical examples would make this section clearer.",2025-05-11 08:42:55
Activist,14,2,2,"I support the intent, but need to consider potential unintended consequences for local communities.",2024-10-30 15:12:44
Researcher,14,2,3,"Factual: aligns with existing studies, but further clarification could prevent misinterpretation.",2025-06-13 12:55:33
Individual,15,1,1,"Seems overly complicated; simplifying this section could benefit ordinary citizens.",2025-01-21 09:33:11
Doctor,15,1,2,"I like the goal, but smaller clinics might struggle without guidance.",2024-11-26 14:42:22
Engineer,15,2,1,"Technically feasible, but could require more resources than anticipated.",2025-02-16 16:11:55
Lawyer,15,2,2,"Factual observation: aligns with international law standards, which is good for compliance.",2025-03-18 13:22:44
Student,15,2,3,"Could be simplified; current wording is confusing for students and young professionals.",2024-12-10 19:12:33
Activist,16,1,1,"I like the intention, but practical outcomes may vary; needs careful monitoring.",2025-04-05 10:23:11
Researcher,16,1,2,"Factual note: consistent with previous research; examples could make interpretation easier.",2024-10-21 11:33:22
Individual,16,2,1,"This section feels biased; could unintentionally favor certain groups over others.",2025-01-13 14:42:55
Doctor,16,2,2,"Supports improved healthcare outcomes, but enforcement could be challenging for smaller clinics.",2025-02-08 12:12:44
Engineer,16,2,3,"Seems reasonable technically, though simplification would help implementation.",2025-06-01 09:33:33
Lawyer,17,1,1,"Legally sound; minor wording tweaks could prevent future disputes.",2025-03-02 15:11:22
Student,17,1,2,"Some explanations are unclear; examples could make the section easier to understand.",2024-12-18 16:22:44
Activist,17,2,1,"Good direction, but may unintentionally affect vulnerable groups if not implemented carefully.",2025-01-29 11:42:55
Individual,17,2,2,"The article is positive in theory but might be hard to apply practically.",2025-04-15 10:11:33
Doctor,17,2,3,"Beneficial for healthcare, yet needs proper guidelines for smaller institutions.",2024-11-05 13:22:11
Engineer,18,1,1,"Practically sound, but implementation might require additional resources.",2025-02-07 09:33:44
Lawyer,18,1,2,"Factual observation: consistent with prior amendments and court rulings.",2025-03-21 14:12:22
Student,18,2,1,"Could be simplified; the current language may confuse students.",2024-12-05 18:22:33
Activist,18,2,2,"I like the concept, but enforcement may face obstacles in practice.",2025-01-17 08:44:55
Researcher,18,2,3,"Factual note: aligns with existing research; adding examples may improve clarity.",2025-06-09 11:33:44
Individual,19,1,1,"Feels unnecessarily complex; simplification could help ordinary citizens.",2025-01-27 09:11:22
Doctor,19,1,2,"Supports better outcomes in healthcare, but needs clear implementation guidance.",2024-11-22 15:22:33
Engineer,19,2,1,"Technically reasonable, though could require more resources than anticipated.",2025-02-25 16:44:55
Lawyer,19,2,2,"Legally strong; minor wording adjustments could help prevent misinterpretation.",2025-03-30 12:33:22
Student,19,2,3,"Some points are unclear; practical examples would help understanding.",2024-12-12 19:22:11
Activist,20,1,1,"Good intent, but potential unintended consequences must be considered.",2025-04-12 10:44:33
Researcher,20,1,2,"Factual: consistent with previous studies, but adding examples could improve clarity.",2024-10-25 13:11:22
Individual,20,2,1,"This article may favor some groups over others; clearer safeguards needed.",2025-01-05 14:22:44
Doctor,20,2,2,"Supports healthcare improvements but enforcement may be challenging.",2025-02-19 12:33:11
Engineer,20,2,3,"Technically feasible but could benefit from simplification for easier implementation.",2025-06-11 09:44:22
Lawyer,20,2,4,"Legally sound; minor clarifications could enhance understanding and prevent disputes.",2025-03-07 15:11:33
Student,20,2,5,"A bit confusing; examples could make this section more accessible to the general public.",2024-12-20 18:33:44
Activist,20,2,5,"Intent is positive, but careful oversight is required to ensure no group is disadvantaged.",2025-01-24 11:22:55
Researcher,20,2,5,"Factual note: aligns with research; further clarifications could improve interpretation.",2025-06-14 12:44:33
Individual,20,2,5,"Feels complex; simpler language would help citizens understand their rights.",2025-02-12 10:11:22

